SNo,Date,Country,RegionCode,RegionName,Latitude,Longitude,HospitalizedPatients,IntensiveCarePatients,TotalHospitalizedPatients,HomeConfinement,CurrentPositiveCases,NewPositiveCases,Recovered,Deaths,TotalPositiveCases,TestsPerformed
0,2020-02-24 18:00:00,ITA,13,Abruzzo,42.35122196,13.39843823,0,0,0,0,0,0,0,0,0,5
1,2020-02-24 18:00:00,ITA,17,Basilicata,40.63947052,15.80514834,0,0,0,0,0,0,0,0,0,0
2,2020-02-24 18:00:00,ITA,4,P.A. Bolzano,46.49933453,11.35662422,0,0,0,0,0,0,0,0,0,1
3,2020-02-24 18:00:00,ITA,18,Calabria,38.90597598,16.59440194,0,0,0,0,0,0,0,0,0,1
4,2020-02-24 18:00:00,ITA,15,Campania,40.83956555,14.25084984,0,0,0,0,0,0,0,0,0,10
5,2020-02-24 18:00:00,ITA,8,Emilia Romagna,44.49436681,11.341720800000001,10,2,12,6,18,18,0,0,18,148
6,2020-02-24 18:00:00,ITA,6,Friuli Venezia Giulia,45.6494354,13.76813649,0,0,0,0,0,0,0,0,0,58
7,2020-02-24 18:00:00,ITA,12,Lazio,41.89277044,12.48366722,1,1,2,0,2,2,1,0,3,124
8,2020-02-24 18:00:00,ITA,7,Liguria,44.41149315,8.9326992,0,0,0,0,0,0,0,0,0,1
9,2020-02-24 18:00:00,ITA,3,Lombardia,45.46679409,9.190347404,76,19,95,71,166,166,0,6,172,1463
10,2020-02-24 18:00:00,ITA,11,Marche,43.61675973,13.5188753,0,0,0,0,0,0,0,0,0,16
11,2020-02-24 18:00:00,ITA,14,Molise,41.55774754,14.65916051,0,0,0,0,0,0,0,0,0,0
12,2020-02-24 18:00:00,ITA,1,Piemonte,45.0732745,7.680687483,2,0,2,1,3,3,0,0,3,141
13,2020-02-24 18:00:00,ITA,16,Puglia,41.12559576,16.86736689,0,0,0,0,0,0,0,0,0,0
14,2020-02-24 18:00:00,ITA,20,Sardegna,39.21531192,9.110616306,0,0,0,0,0,0,0,0,0,1
15,2020-02-24 18:00:00,ITA,19,Sicilia,38.11569725,13.362356699999998,0,0,0,0,0,0,0,0,0,5
16,2020-02-24 18:00:00,ITA,9,Toscana,43.76923077,11.25588885,0,0,0,0,0,0,0,0,0,140
17,2020-02-24 18:00:00,ITA,4,P.A. Trento,46.06893511,11.12123097,0,0,0,0,0,0,0,0,0,3
18,2020-02-24 18:00:00,ITA,10,Umbria,43.10675841,12.38824698,0,0,0,0,0,0,0,0,0,0
19,2020-02-24 18:00:00,ITA,2,Valle d'Aosta,45.73750286,7.320149366,0,0,0,0,0,0,0,0,0,7
20,2020-02-24 18:00:00,ITA,5,Veneto,45.43490485,12.33845213,12,4,16,16,32,32,0,1,33,2200
21,2020-02-25 18:00:00,ITA,13,Abruzzo,42.35122196,13.39843823,0,0,0,0,0,0,0,0,0,5
22,2020-02-25 18:00:00,ITA,17,Basilicata,40.63947052,15.80514834,0,0,0,0,0,0,0,0,0,0
23,2020-02-25 18:00:00,ITA,4,P.A. Bolzano,46.49933453,11.35662422,1,0,1,0,1,1,0,0,1,1
24,2020-02-25 18:00:00,ITA,18,Calabria,38.90597598,16.59440194,0,0,0,0,0,0,0,0,0,2
25,2020-02-25 18:00:00,ITA,15,Campania,40.83956555,14.25084984,0,0,0,0,0,0,0,0,0,10
26,2020-02-25 18:00:00,ITA,8,Emilia Romagna,44.49436681,11.341720800000001,15,2,17,9,26,8,0,0,26,391
27,2020-02-25 18:00:00,ITA,6,Friuli Venezia Giulia,45.6494354,13.76813649,0,0,0,0,0,0,0,0,0,89
28,2020-02-25 18:00:00,ITA,12,Lazio,41.89277044,12.48366722,1,1,2,0,2,0,1,0,3,124
29,2020-02-25 18:00:00,ITA,7,Liguria,44.41149315,8.9326992,1,0,1,0,1,1,0,0,1,39
30,2020-02-25 18:00:00,ITA,3,Lombardia,45.46679409,9.190347404,79,25,104,127,231,65,0,9,240,3700
31,2020-02-25 18:00:00,ITA,11,Marche,43.61675973,13.5188753,0,0,0,0,0,0,0,0,0,21
32,2020-02-25 18:00:00,ITA,14,Molise,41.55774754,14.65916051,0,0,0,0,0,0,0,0,0,0
33,2020-02-25 18:00:00,ITA,1,Piemonte,45.0732745,7.680687483,2,0,2,1,3,0,0,0,3,141
34,2020-02-25 18:00:00,ITA,16,Puglia,41.12559576,16.86736689,0,0,0,0,0,0,0,0,0,0
35,2020-02-25 18:00:00,ITA,20,Sardegna,39.21531192,9.110616306,0,0,0,0,0,0,0,0,0,1
36,2020-02-25 18:00:00,ITA,19,Sicilia,38.11569725,13.362356699999998,1,0,2,2,3,3,0,0,3,5
37,2020-02-25 18:00:00,ITA,9,Toscana,43.76923077,11.25588885,2,0,2,0,2,2,0,0,2,296
38,2020-02-25 18:00:00,ITA,4,P.A. Trento,46.06893511,11.12123097,0,0,0,0,0,0,0,0,0,3
39,2020-02-25 18:00:00,ITA,10,Umbria,43.10675841,12.38824698,0,0,0,0,0,0,0,0,0,8
40,2020-02-25 18:00:00,ITA,2,Valle d'Aosta,45.73750286,7.320149366,0,0,0,0,0,0,0,0,0,7
41,2020-02-25 18:00:00,ITA,5,Veneto,45.43490485,12.33845213,12,7,19,23,42,10,0,1,43,3780
42,2020-02-26 18:00:00,ITA,13,Abruzzo,42.35122196,13.39843823,0,0,0,0,0,0,0,0,0,13
43,2020-02-26 18:00:00,ITA,17,Basilicata,40.63947052,15.80514834,0,0,0,0,0,0,0,0,0,0
44,2020-02-26 18:00:00,ITA,4,P.A. Bolzano,46.49933453,11.35662422,1,0,1,0,1,0,0,0,1,1
45,2020-02-26 18:00:00,ITA,18,Calabria,38.90597598,16.59440194,0,0,0,0,0,0,0,0,0,3
46,2020-02-26 18:00:00,ITA,15,Campania,40.83956555,14.25084984,0,0,0,0,0,0,0,0,0,10
47,2020-02-26 18:00:00,ITA,8,Emilia Romagna,44.49436681,11.341720800000001,20,3,23,23,46,20,0,1,47,577
48,2020-02-26 18:00:00,ITA,6,Friuli Venezia Giulia,45.6494354,13.76813649,0,0,0,0,0,0,0,0,0,114
49,2020-02-26 18:00:00,ITA,12,Lazio,41.89277044,12.48366722,0,0,0,0,0,-2,3,0,3,124
50,2020-02-26 18:00:00,ITA,7,Liguria,44.41149315,8.9326992,6,0,6,5,11,10,0,0,11,66
51,2020-02-26 18:00:00,ITA,3,Lombardia,45.46679409,9.190347404,79,25,104,145,249,18,0,9,258,3208
52,2020-02-26 18:00:00,ITA,11,Marche,43.61675973,13.5188753,1,0,1,0,1,1,0,0,1,28
53,2020-02-26 18:00:00,ITA,14,Molise,41.55774754,14.65916051,0,0,0,0,0,0,0,0,0,0
54,2020-02-26 18:00:00,ITA,1,Piemonte,45.0732745,7.680687483,2,0,2,1,3,0,0,0,3,156
55,2020-02-26 18:00:00,ITA,16,Puglia,41.12559576,16.86736689,0,0,0,0,0,0,0,0,0,0
56,2020-02-26 18:00:00,ITA,20,Sardegna,39.21531192,9.110616306,0,0,0,0,0,0,0,0,0,1
57,2020-02-26 18:00:00,ITA,19,Sicilia,38.11569725,13.362356699999998,1,0,1,2,3,0,0,0,3,5
58,2020-02-26 18:00:00,ITA,9,Toscana,43.76923077,11.25588885,2,0,2,0,2,0,0,0,2,363
59,2020-02-26 18:00:00,ITA,4,P.A. Trento,46.06893511,11.12123097,0,0,0,0,0,0,0,0,0,3
60,2020-02-26 18:00:00,ITA,10,Umbria,43.10675841,12.38824698,0,0,0,0,0,0,0,0,0,8
61,2020-02-26 18:00:00,ITA,2,Valle d'Aosta,45.73750286,7.320149366,0,0,0,0,0,0,0,0,0,7
62,2020-02-26 18:00:00,ITA,5,Veneto,45.43490485,12.33845213,16,8,24,45,69,27,0,2,71,4900
63,2020-02-27 18:00:00,ITA,13,Abruzzo,42.35122196,13.39843823,1,0,1,0,1,1,0,0,1,33
64,2020-02-27 18:00:00,ITA,17,Basilicata,40.63947052,15.80514834,0,0,0,0,0,0,0,0,0,0
65,2020-02-27 18:00:00,ITA,4,P.A. Bolzano,46.49933453,11.35662422,1,0,1,0,1,0,0,0,1,2
66,2020-02-27 18:00:00,ITA,18,Calabria,38.90597598,16.59440194,0,0,0,0,0,0,0,0,0,14
67,2020-02-27 18:00:00,ITA,15,Campania,40.83956555,14.25084984,2,0,2,1,3,3,0,0,3,10
68,2020-02-27 18:00:00,ITA,8,Emilia Romagna,44.49436681,11.341720800000001,36,6,42,54,96,50,0,1,97,1033
69,2020-02-27 18:00:00,ITA,6,Friuli Venezia Giulia,45.6494354,13.76813649,0,0,0,0,0,0,0,0,0,141
70,2020-02-27 18:00:00,ITA,12,Lazio,41.89277044,12.48366722,0,0,0,0,0,0,3,0,3,552
71,2020-02-27 18:00:00,ITA,7,Liguria,44.41149315,8.9326992,9,0,9,10,19,8,0,0,19,78
72,2020-02-27 18:00:00,ITA,3,Lombardia,45.46679409,9.190347404,172,41,213,136,349,100,40,14,403,3320
73,2020-02-27 18:00:00,ITA,11,Marche,43.61675973,13.5188753,2,1,3,0,3,2,0,0,3,46
74,2020-02-27 18:00:00,ITA,14,Molise,41.55774754,14.65916051,0,0,0,0,0,0,0,0,0,0
75,2020-02-27 18:00:00,ITA,1,Piemonte,45.0732745,7.680687483,2,0,2,0,2,-1,0,0,2,156
76,2020-02-27 18:00:00,ITA,16,Puglia,41.12559576,16.86736689,1,0,1,0,1,1,0,0,1,0
77,2020-02-27 18:00:00,ITA,20,Sardegna,39.21531192,9.110616306,0,0,0,0,0,0,0,0,0,1
78,2020-02-27 18:00:00,ITA,19,Sicilia,38.11569725,13.362356699999998,1,0,1,1,2,-1,2,0,4,5
79,2020-02-27 18:00:00,ITA,9,Toscana,43.76923077,11.25588885,2,0,2,0,2,0,0,0,2,410
80,2020-02-27 18:00:00,ITA,4,P.A. Trento,46.06893511,11.12123097,0,0,0,0,0,0,0,0,0,32
81,2020-02-27 18:00:00,ITA,10,Umbria,43.10675841,12.38824698,0,0,0,0,0,0,0,0,0,8
82,2020-02-27 18:00:00,ITA,2,Valle d'Aosta,45.73750286,7.320149366,0,0,0,0,0,0,0,0,0,9
83,2020-02-27 18:00:00,ITA,5,Veneto,45.43490485,12.33845213,19,8,27,82,109,40,0,2,111,6164
84,2020-02-28 18:00:00,ITA,13,Abruzzo,42.35122196,13.39843823,1,0,1,0,1,0,0,0,1,33
85,2020-02-28 18:00:00,ITA,17,Basilicata,40.63947052,15.80514834,0,0,0,0,0,0,0,0,0,0
86,2020-02-28 18:00:00,ITA,4,P.A. Bolzano,46.49933453,11.35662422,1,0,1,0,1,0,0,0,1,2
87,2020-02-28 18:00:00,ITA,18,Calabria,38.90597598,16.59440194,0,0,0,1,1,1,0,0,1,21
88,2020-02-28 18:00:00,ITA,15,Campania,40.83956555,14.25084984,2,0,2,2,4,1,0,0,4,213
89,2020-02-28 18:00:00,ITA,8,Emilia Romagna,44.49436681,11.341720800000001,56,6,62,81,143,47,0,2,145,1277
90,2020-02-28 18:00:00,ITA,6,Friuli Venezia Giulia,45.6494354,13.76813649,0,0,0,0,0,0,0,0,0,169
91,2020-02-28 18:00:00,ITA,12,Lazio,41.89277044,12.48366722,0,0,0,0,0,0,3,0,3,611
92,2020-02-28 18:00:00,ITA,7,Liguria,44.41149315,8.9326992,9,0,9,10,19,0,0,0,19,112
93,2020-02-28 18:00:00,ITA,3,Lombardia,45.46679409,9.190347404,235,47,282,192,474,125,40,17,531,4835
94,2020-02-28 18:00:00,ITA,11,Marche,43.61675973,13.5188753,3,2,5,1,6,3,0,0,6,47
95,2020-02-28 18:00:00,ITA,14,Molise,41.55774754,14.65916051,0,0,0,0,0,0,0,0,0,0
96,2020-02-28 18:00:00,ITA,1,Piemonte,45.0732745,7.680687483,7,0,7,4,11,9,0,0,11,227
97,2020-02-28 18:00:00,ITA,16,Puglia,41.12559576,16.86736689,1,0,1,2,3,2,0,0,3,242
98,2020-02-28 18:00:00,ITA,20,Sardegna,39.21531192,9.110616306,0,0,0,0,0,0,0,0,0,1
99,2020-02-28 18:00:00,ITA,19,Sicilia,38.11569725,13.362356699999998,1,0,1,1,2,0,2,0,4,5
100,2020-02-28 18:00:00,ITA,9,Toscana,43.76923077,11.25588885,5,0,5,2,7,5,1,0,8,437
101,2020-02-28 18:00:00,ITA,4,P.A. Trento,46.06893511,11.12123097,0,0,0,0,0,0,0,0,0,32
102,2020-02-28 18:00:00,ITA,10,Umbria,43.10675841,12.38824698,0,0,0,0,0,0,0,0,0,8
103,2020-02-28 18:00:00,ITA,2,Valle d'Aosta,45.73750286,7.320149366,0,0,0,0,0,0,0,0,0,9
104,2020-02-28 18:00:00,ITA,5,Veneto,45.43490485,12.33845213,24,9,33,116,149,40,0,2,151,7414
105,2020-02-29 17:00:00,ITA,13,Abruzzo,42.35122196,13.39843823,2,0,2,0,2,1,0,0,2,43
106,2020-02-29 17:00:00,ITA,17,Basilicata,40.63947052,15.80514834,0,0,0,0,0,0,0,0,0,32
107,2020-02-29 17:00:00,ITA,4,P.A. Bolzano,46.49933453,11.35662422,1,0,1,0,1,0,0,0,1,16
108,2020-02-29 17:00:00,ITA,18,Calabria,38.90597598,16.59440194,0,0,0,1,1,0,0,0,1,27
109,2020-02-29 17:00:00,ITA,15,Campania,40.83956555,14.25084984,3,0,3,10,13,9,0,0,13,373
110,2020-02-29 17:00:00,ITA,8,Emilia Romagna,44.49436681,11.341720800000001,86,11,97,116,213,70,0,4,217,1550
111,2020-02-29 17:00:00,ITA,6,Friuli Venezia Giulia,45.6494354,13.76813649,0,0,0,0,0,0,0,0,0,189
112,2020-02-29 17:00:00,ITA,12,Lazio,41.89277044,12.48366722,3,0,3,0,3,3,3,0,6,679
113,2020-02-29 17:00:00,ITA,7,Liguria,44.41149315,8.9326992,4,1,5,33,38,19,4,0,42,121
114,2020-02-29 17:00:00,ITA,3,Lombardia,45.46679409,9.190347404,256,80,336,216,552,78,40,23,615,5723
115,2020-02-29 17:00:00,ITA,11,Marche,43.61675973,13.5188753,6,2,8,3,11,5,0,0,11,68
116,2020-02-29 17:00:00,ITA,14,Molise,41.55774754,14.65916051,0,0,0,0,0,0,0,0,0,0
117,2020-02-29 17:00:00,ITA,1,Piemonte,45.0732745,7.680687483,7,0,7,4,11,0,0,0,11,308
118,2020-02-29 17:00:00,ITA,16,Puglia,41.12559576,16.86736689,1,0,1,2,3,0,0,0,3,252
119,2020-02-29 17:00:00,ITA,20,Sardegna,39.21531192,9.110616306,0,0,0,0,0,0,0,0,0,1
120,2020-02-29 17:00:00,ITA,19,Sicilia,38.11569725,13.362356699999998,1,0,1,1,2,0,2,0,4,6
121,2020-02-29 17:00:00,ITA,9,Toscana,43.76923077,11.25588885,7,0,7,3,10,3,1,0,11,531
122,2020-02-29 17:00:00,ITA,4,P.A. Trento,46.06893511,11.12123097,0,0,0,0,0,0,0,0,0,43
123,2020-02-29 17:00:00,ITA,10,Umbria,43.10675841,12.38824698,0,0,0,0,0,0,0,0,0,31
124,2020-02-29 17:00:00,ITA,2,Valle d'Aosta,45.73750286,7.320149366,0,0,0,0,0,0,0,0,0,9
125,2020-02-29 17:00:00,ITA,5,Veneto,45.43490485,12.33845213,24,11,35,154,189,40,0,2,191,8659
126,2020-03-01 17:00:00,ITA,13,Abruzzo,42.35122196,13.39843823,3,0,3,2,5,3,0,0,5,52
127,2020-03-01 17:00:00,ITA,17,Basilicata,40.63947052,15.80514834,0,0,0,0,0,0,0,0,0,39
128,2020-03-01 17:00:00,ITA,4,P.A. Bolzano,46.49933453,11.35662422,1,0,1,0,1,0,0,0,1,20
129,2020-03-01 17:00:00,ITA,18,Calabria,38.90597598,16.59440194,0,0,0,1,1,0,0,0,1,35
130,2020-03-01 17:00:00,ITA,15,Campania,40.83956555,14.25084984,4,0,4,13,17,4,0,0,17,373
131,2020-03-01 17:00:00,ITA,8,Emilia Romagna,44.49436681,11.341720800000001,127,13,140,137,277,64,0,8,285,1795
132,2020-03-01 17:00:00,ITA,6,Friuli Venezia Giulia,45.6494354,13.76813649,0,0,0,6,6,6,0,0,6,243
133,2020-03-01 17:00:00,ITA,12,Lazio,41.89277044,12.48366722,3,0,3,0,3,0,3,0,6,724
134,2020-03-01 17:00:00,ITA,7,Liguria,44.41149315,8.9326992,12,1,13,8,21,-17,4,0,25,121
135,2020-03-01 17:00:00,ITA,3,Lombardia,45.46679409,9.190347404,406,106,512,375,887,335,73,24,984,6879
136,2020-03-01 17:00:00,ITA,11,Marche,43.61675973,13.5188753,12,5,17,8,25,14,0,0,25,101
137,2020-03-01 17:00:00,ITA,14,Molise,41.55774754,14.65916051,0,0,0,0,0,0,0,0,0,6
138,2020-03-01 17:00:00,ITA,1,Piemonte,45.0732745,7.680687483,11,2,13,36,49,38,0,0,49,362
139,2020-03-01 17:00:00,ITA,16,Puglia,41.12559576,16.86736689,1,0,1,2,3,0,0,0,3,262
140,2020-03-01 17:00:00,ITA,20,Sardegna,39.21531192,9.110616306,0,0,0,0,0,0,0,0,0,29
141,2020-03-01 17:00:00,ITA,19,Sicilia,38.11569725,13.362356699999998,1,0,1,6,7,5,2,0,9,291
142,2020-03-01 17:00:00,ITA,9,Toscana,43.76923077,11.25588885,7,0,7,5,12,2,1,0,13,572
143,2020-03-01 17:00:00,ITA,4,P.A. Trento,46.06893511,11.12123097,0,0,0,0,0,0,0,0,0,122
144,2020-03-01 17:00:00,ITA,10,Umbria,43.10675841,12.38824698,0,0,0,2,2,2,0,0,2,35
145,2020-03-01 17:00:00,ITA,2,Valle d'Aosta,45.73750286,7.320149366,0,0,0,0,0,0,0,0,0,10
146,2020-03-01 17:00:00,ITA,5,Veneto,45.43490485,12.33845213,51,13,64,197,261,72,0,2,263,9056
147,2020-03-02 18:00:00,ITA,13,Abruzzo,42.35122196,13.39843823,3,0,3,2,5,0,0,0,5,52
148,2020-03-02 18:00:00,ITA,17,Basilicata,40.63947052,15.80514834,0,0,0,0,0,0,0,0,0,39
149,2020-03-02 18:00:00,ITA,4,P.A. Bolzano,46.49933453,11.35662422,1,0,1,0,1,0,0,0,1,20
150,2020-03-02 18:00:00,ITA,18,Calabria,38.90597598,16.59440194,0,0,0,1,1,0,0,0,1,39
151,2020-03-02 18:00:00,ITA,15,Campania,40.83956555,14.25084984,4,0,4,13,17,0,0,0,17,373
152,2020-03-02 18:00:00,ITA,8,Emilia Romagna,44.49436681,11.341720800000001,148,16,164,160,324,47,0,11,335,1973
153,2020-03-02 18:00:00,ITA,6,Friuli Venezia Giulia,45.6494354,13.76813649,0,0,0,9,9,3,0,0,9,269
154,2020-03-02 18:00:00,ITA,12,Lazio,41.89277044,12.48366722,3,0,3,1,4,1,3,0,7,773
155,2020-03-02 18:00:00,ITA,7,Liguria,44.41149315,8.9326992,12,1,13,5,18,-3,4,0,22,121
156,2020-03-02 18:00:00,ITA,3,Lombardia,45.46679409,9.190347404,478,127,605,472,1077,190,139,38,1254,7925
157,2020-03-02 18:00:00,ITA,11,Marche,43.61675973,13.5188753,17,6,23,11,34,9,0,1,35,137
158,2020-03-02 18:00:00,ITA,14,Molise,41.55774754,14.65916051,0,0,0,0,0,0,0,0,0,13
159,2020-03-02 18:00:00,ITA,1,Piemonte,45.0732745,7.680687483,12,2,14,37,51,2,0,0,51,434
160,2020-03-02 18:00:00,ITA,16,Puglia,41.12559576,16.86736689,2,0,2,2,4,1,0,0,4,278
161,2020-03-02 18:00:00,ITA,20,Sardegna,39.21531192,9.110616306,0,0,0,0,0,0,0,0,0,29
162,2020-03-02 18:00:00,ITA,19,Sicilia,38.11569725,13.362356699999998,2,0,2,3,5,-2,2,0,7,307
163,2020-03-02 18:00:00,ITA,9,Toscana,43.76923077,11.25588885,7,0,7,5,12,0,1,0,13,613
164,2020-03-02 18:00:00,ITA,4,P.A. Trento,46.06893511,11.12123097,0,0,0,0,0,0,0,0,0,122
165,2020-03-02 18:00:00,ITA,10,Umbria,43.10675841,12.38824698,0,0,0,2,2,0,0,0,2,35
166,2020-03-02 18:00:00,ITA,2,Valle d'Aosta,45.73750286,7.320149366,0,0,0,0,0,0,0,0,0,11
167,2020-03-02 18:00:00,ITA,5,Veneto,45.43490485,12.33845213,53,14,67,204,271,10,0,2,273,9782
168,2020-03-03 18:00:00,ITA,13,Abruzzo,42.35122196,13.39843823,5,0,5,1,6,1,0,0,6,52
169,2020-03-03 18:00:00,ITA,17,Basilicata,40.63947052,15.80514834,0,0,0,1,1,1,0,0,1,42
170,2020-03-03 18:00:00,ITA,4,P.A. Bolzano,46.49933453,11.35662422,1,0,1,0,1,0,0,0,1,20
171,2020-03-03 18:00:00,ITA,18,Calabria,38.90597598,16.59440194,0,0,0,1,1,0,0,0,1,39
172,2020-03-03 18:00:00,ITA,15,Campania,40.83956555,14.25084984,11,0,11,19,30,13,0,0,30,405
173,2020-03-03 18:00:00,ITA,8,Emilia Romagna,44.49436681,11.341720800000001,187,24,211,187,398,74,4,18,420,2012
174,2020-03-03 18:00:00,ITA,6,Friuli Venezia Giulia,45.6494354,13.76813649,1,0,1,12,13,4,0,0,13,354
175,2020-03-03 18:00:00,ITA,12,Lazio,41.89277044,12.48366722,10,0,10,1,11,7,3,0,14,877
176,2020-03-03 18:00:00,ITA,7,Liguria,44.41149315,8.9326992,12,2,14,5,19,1,4,1,24,121
177,2020-03-03 18:00:00,ITA,3,Lombardia,45.46679409,9.190347404,698,167,865,461,1326,249,139,55,1520,9577
178,2020-03-03 18:00:00,ITA,11,Marche,43.61675973,13.5188753,27,13,40,19,59,25,0,2,61,200
179,2020-03-03 18:00:00,ITA,14,Molise,41.55774754,14.65916051,3,0,3,0,3,3,0,0,3,13
180,2020-03-03 18:00:00,ITA,1,Piemonte,45.0732745,7.680687483,13,3,16,40,56,5,0,0,56,458
181,2020-03-03 18:00:00,ITA,16,Puglia,41.12559576,16.86736689,2,0,2,4,6,2,0,0,6,298
182,2020-03-03 18:00:00,ITA,20,Sardegna,39.21531192,9.110616306,1,0,1,0,1,1,0,0,1,29
183,2020-03-03 18:00:00,ITA,19,Sicilia,38.11569725,13.362356699999998,2,0,2,3,5,0,2,0,7,307
184,2020-03-03 18:00:00,ITA,9,Toscana,43.76923077,11.25588885,10,0,10,8,18,6,1,0,19,697
185,2020-03-03 18:00:00,ITA,4,P.A. Trento,46.06893511,11.12123097,1,0,1,3,4,4,0,0,4,122
186,2020-03-03 18:00:00,ITA,10,Umbria,43.10675841,12.38824698,1,1,2,6,8,6,0,0,8,45
187,2020-03-03 18:00:00,ITA,2,Valle d'Aosta,45.73750286,7.320149366,0,0,0,0,0,0,0,0,0,12
188,2020-03-03 18:00:00,ITA,5,Veneto,45.43490485,12.33845213,49,19,68,229,297,26,7,3,307,10176
189,2020-03-04 17:00:00,ITA,13,Abruzzo,42.35122196,13.39843823,7,0,7,0,7,1,0,0,7,85
190,2020-03-04 17:00:00,ITA,17,Basilicata,40.63947052,15.80514834,0,0,0,1,1,0,0,0,1,48
191,2020-03-04 17:00:00,ITA,4,P.A. Bolzano,46.49933453,11.35662422,1,0,1,0,1,0,0,0,1,20
192,2020-03-04 17:00:00,ITA,18,Calabria,38.90597598,16.59440194,0,0,0,1,1,0,0,0,1,46
193,2020-03-04 17:00:00,ITA,15,Campania,40.83956555,14.25084984,11,0,11,20,31,1,0,0,31,429
194,2020-03-04 17:00:00,ITA,8,Emilia Romagna,44.49436681,11.341720800000001,256,26,282,234,516,118,6,22,544,2500
195,2020-03-04 17:00:00,ITA,6,Friuli Venezia Giulia,45.6494354,13.76813649,3,0,3,15,18,5,0,0,18,376
196,2020-03-04 17:00:00,ITA,12,Lazio,41.89277044,12.48366722,15,3,18,9,27,16,3,0,30,995
197,2020-03-04 17:00:00,ITA,7,Liguria,44.41149315,8.9326992,10,3,13,8,21,2,4,1,26,133
198,2020-03-04 17:00:00,ITA,3,Lombardia,45.46679409,9.190347404,877,209,1086,411,1497,171,250,73,1820,12138
199,2020-03-04 17:00:00,ITA,11,Marche,43.61675973,13.5188753,34,15,49,31,80,21,0,4,84,288
200,2020-03-04 17:00:00,ITA,14,Molise,41.55774754,14.65916051,3,0,3,0,3,0,0,0,3,19
201,2020-03-04 17:00:00,ITA,1,Piemonte,45.0732745,7.680687483,26,13,39,43,82,26,0,0,82,543
202,2020-03-04 17:00:00,ITA,16,Puglia,41.12559576,16.86736689,4,0,4,3,7,1,1,1,9,322
203,2020-03-04 17:00:00,ITA,20,Sardegna,39.21531192,9.110616306,1,0,1,1,2,1,0,0,2,42
204,2020-03-04 17:00:00,ITA,19,Sicilia,38.11569725,13.362356699999998,5,0,5,11,16,11,2,0,18,367
205,2020-03-04 17:00:00,ITA,9,Toscana,43.76923077,11.25588885,15,2,17,20,37,19,1,0,38,776
206,2020-03-04 17:00:00,ITA,4,P.A. Trento,46.06893511,11.12123097,1,0,1,4,5,1,0,0,5,122
207,2020-03-04 17:00:00,ITA,10,Umbria,43.10675841,12.38824698,1,1,2,7,9,1,0,0,9,58
208,2020-03-04 17:00:00,ITA,2,Valle d'Aosta,45.73750286,7.320149366,0,0,0,0,0,0,0,0,0,15
209,2020-03-04 17:00:00,ITA,5,Veneto,45.43490485,12.33845213,76,23,99,246,345,48,9,6,360,10515
210,2020-03-05 17:00:00,ITA,13,Abruzzo,42.35122196,13.39843823,8,0,8,0,8,1,0,0,8,96
211,2020-03-05 17:00:00,ITA,17,Basilicata,40.63947052,15.80514834,0,0,0,1,1,0,0,0,1,54
212,2020-03-05 17:00:00,ITA,4,P.A. Bolzano,46.49933453,11.35662422,1,0,1,0,1,0,0,0,1,20
213,2020-03-05 17:00:00,ITA,18,Calabria,38.90597598,16.59440194,1,0,1,1,2,1,0,0,2,53
214,2020-03-05 17:00:00,ITA,15,Campania,40.83956555,14.25084984,12,0,12,33,45,14,0,0,45,471
215,2020-03-05 17:00:00,ITA,8,Emilia Romagna,44.49436681,11.341720800000001,327,32,359,299,658,142,10,30,698,2884
216,2020-03-05 17:00:00,ITA,6,Friuli Venezia Giulia,45.6494354,13.76813649,4,0,4,17,21,3,0,0,21,397
217,2020-03-05 17:00:00,ITA,12,Lazio,41.89277044,12.48366722,20,7,27,14,41,14,3,0,44,1175
218,2020-03-05 17:00:00,ITA,7,Liguria,44.41149315,8.9326992,11,3,14,7,21,0,4,3,28,146
219,2020-03-05 17:00:00,ITA,3,Lombardia,45.46679409,9.190347404,1169,244,1413,364,1777,280,376,98,2251,12354
220,2020-03-05 17:00:00,ITA,11,Marche,43.61675973,13.5188753,57,19,76,44,120,40,0,4,124,413
221,2020-03-05 17:00:00,ITA,14,Molise,41.55774754,14.65916051,4,0,4,3,7,4,0,0,7,24
222,2020-03-05 17:00:00,ITA,1,Piemonte,45.0732745,7.680687483,43,17,60,46,106,24,0,2,108,543
223,2020-03-05 17:00:00,ITA,16,Puglia,41.12559576,16.86736689,5,1,6,6,12,5,1,1,14,359
224,2020-03-05 17:00:00,ITA,20,Sardegna,39.21531192,9.110616306,2,0,2,0,2,0,0,0,2,50
225,2020-03-05 17:00:00,ITA,19,Sicilia,38.11569725,13.362356699999998,5,0,5,11,16,0,2,0,18,367
226,2020-03-05 17:00:00,ITA,9,Toscana,43.76923077,11.25588885,26,3,29,31,60,23,1,0,61,776
227,2020-03-05 17:00:00,ITA,4,P.A. Trento,46.06893511,11.12123097,2,0,2,5,7,2,0,0,7,122
228,2020-03-05 17:00:00,ITA,10,Umbria,43.10675841,12.38824698,1,1,2,7,9,0,0,0,9,88
229,2020-03-05 17:00:00,ITA,2,Valle d'Aosta,45.73750286,7.320149366,0,0,0,2,2,2,0,0,2,21
230,2020-03-05 17:00:00,ITA,5,Veneto,45.43490485,12.33845213,92,24,116,264,380,35,17,10,407,11949
231,2020-03-06 17:00:00,ITA,13,Abruzzo,42.35122196,13.39843823,9,0,9,0,9,1,0,0,9,96
232,2020-03-06 17:00:00,ITA,17,Basilicata,40.63947052,15.80514834,1,0,1,2,3,2,0,0,3,63
233,2020-03-06 17:00:00,ITA,4,P.A. Bolzano,46.49933453,11.35662422,4,0,4,0,4,3,0,0,4,36
234,2020-03-06 17:00:00,ITA,18,Calabria,38.90597598,16.59440194,2,0,2,2,4,2,0,0,4,99
235,2020-03-06 17:00:00,ITA,15,Campania,40.83956555,14.25084984,12,0,12,45,57,12,0,0,57,471
236,2020-03-06 17:00:00,ITA,8,Emilia Romagna,44.49436681,11.341720800000001,397,53,450,366,816,158,17,37,870,3136
237,2020-03-06 17:00:00,ITA,6,Friuli Venezia Giulia,45.6494354,13.76813649,4,0,4,24,28,7,3,0,31,577
238,2020-03-06 17:00:00,ITA,12,Lazio,41.89277044,12.48366722,26,8,34,16,50,9,3,1,54,1373
239,2020-03-06 17:00:00,ITA,7,Liguria,44.41149315,8.9326992,12,5,17,7,24,3,5,3,32,229
240,2020-03-06 17:00:00,ITA,3,Lombardia,45.46679409,9.190347404,1622,309,1931,77,2008,231,469,135,2612,13556
241,2020-03-06 17:00:00,ITA,11,Marche,43.61675973,13.5188753,73,20,93,62,155,35,0,4,159,585
242,2020-03-06 17:00:00,ITA,14,Molise,41.55774754,14.65916051,3,2,5,7,12,5,0,0,12,104
243,2020-03-06 17:00:00,ITA,1,Piemonte,45.0732745,7.680687483,57,30,87,52,139,33,0,4,143,793
244,2020-03-06 17:00:00,ITA,16,Puglia,41.12559576,16.86736689,5,1,6,9,15,3,1,1,17,395
245,2020-03-06 17:00:00,ITA,20,Sardegna,39.21531192,9.110616306,2,0,2,3,5,3,0,0,5,99
246,2020-03-06 17:00:00,ITA,19,Sicilia,38.11569725,13.362356699999998,7,0,7,15,22,6,2,0,24,367
247,2020-03-06 17:00:00,ITA,9,Toscana,43.76923077,11.25588885,35,5,40,38,78,18,1,0,79,1097
248,2020-03-06 17:00:00,ITA,4,P.A. Trento,46.06893511,11.12123097,4,0,4,6,10,3,0,0,10,122
249,2020-03-06 17:00:00,ITA,10,Umbria,43.10675841,12.38824698,2,2,4,12,16,7,0,0,16,110
250,2020-03-06 17:00:00,ITA,2,Valle d'Aosta,45.73750286,7.320149366,0,0,0,7,7,5,0,0,7,28
251,2020-03-06 17:00:00,ITA,5,Veneto,45.43490485,12.33845213,117,27,144,310,454,74,22,12,488,13023
252,2020-03-07 18:00:00,ITA,13,Abruzzo,42.35122196,13.39843823,11,0,11,0,11,2,0,0,11,123
253,2020-03-07 18:00:00,ITA,17,Basilicata,40.63947052,15.80514834,1,0,1,2,3,0,0,0,3,75
254,2020-03-07 18:00:00,ITA,4,P.A. Bolzano,46.49933453,11.35662422,8,0,8,1,9,5,0,0,9,36
255,2020-03-07 18:00:00,ITA,18,Calabria,38.90597598,16.59440194,2,0,2,2,4,0,0,0,4,113
256,2020-03-07 18:00:00,ITA,15,Campania,40.83956555,14.25084984,16,0,16,45,61,4,0,0,61,612
257,2020-03-07 18:00:00,ITA,8,Emilia Romagna,44.49436681,11.341720800000001,464,64,528,409,937,121,25,48,1010,3604
258,2020-03-07 18:00:00,ITA,6,Friuli Venezia Giulia,45.6494354,13.76813649,7,1,8,31,39,11,3,0,42,577
259,2020-03-07 18:00:00,ITA,12,Lazio,41.89277044,12.48366722,43,8,51,21,72,22,3,1,76,1582
260,2020-03-07 18:00:00,ITA,7,Liguria,44.41149315,8.9326992,26,6,32,10,42,18,5,4,51,331
261,2020-03-07 18:00:00,ITA,3,Lombardia,45.46679409,9.190347404,1661,359,2020,722,2742,734,524,154,3420,15778
262,2020-03-07 18:00:00,ITA,11,Marche,43.61675973,13.5188753,94,36,130,71,201,46,0,6,207,816
263,2020-03-07 18:00:00,ITA,14,Molise,41.55774754,14.65916051,3,2,5,9,14,2,0,0,14,112
264,2020-03-07 18:00:00,ITA,1,Piemonte,45.0732745,7.680687483,110,38,148,54,202,63,0,5,207,1046
265,2020-03-07 18:00:00,ITA,16,Puglia,41.12559576,16.86736689,9,2,11,12,23,8,1,2,26,395
266,2020-03-07 18:00:00,ITA,20,Sardegna,39.21531192,9.110616306,2,0,2,3,5,0,0,0,5,99
267,2020-03-07 18:00:00,ITA,19,Sicilia,38.11569725,13.362356699999998,8,0,8,25,33,11,2,0,35,643
268,2020-03-07 18:00:00,ITA,9,Toscana,43.76923077,11.25588885,54,7,61,51,112,34,1,0,113,1331
269,2020-03-07 18:00:00,ITA,4,P.A. Trento,46.06893511,11.12123097,6,1,7,7,14,4,0,0,14,194
270,2020-03-07 18:00:00,ITA,10,Umbria,43.10675841,12.38824698,2,2,4,20,24,8,0,0,24,134
271,2020-03-07 18:00:00,ITA,2,Valle d'Aosta,45.73750286,7.320149366,1,0,1,7,8,1,0,0,8,32
272,2020-03-07 18:00:00,ITA,5,Veneto,45.43490485,12.33845213,123,41,164,341,505,51,25,13,543,14429
273,2020-03-08 18:00:00,ITA,13,Abruzzo,42.35122196,13.39843823,14,0,14,3,17,6,0,0,17,163
274,2020-03-08 18:00:00,ITA,17,Basilicata,40.63947052,15.80514834,2,0,2,2,4,1,0,0,4,123
275,2020-03-08 18:00:00,ITA,4,P.A. Bolzano,46.49933453,11.35662422,8,0,8,1,9,0,0,0,9,36
276,2020-03-08 18:00:00,ITA,18,Calabria,38.90597598,16.59440194,5,0,5,4,9,5,0,0,9,113
277,2020-03-08 18:00:00,ITA,15,Campania,40.83956555,14.25084984,30,7,37,63,100,39,1,0,101,980
278,2020-03-08 18:00:00,ITA,8,Emilia Romagna,44.49436681,11.341720800000001,542,75,617,480,1097,160,27,56,1180,4344
279,2020-03-08 18:00:00,ITA,6,Friuli Venezia Giulia,45.6494354,13.76813649,7,1,8,45,53,14,3,1,57,997
280,2020-03-08 18:00:00,ITA,12,Lazio,41.89277044,12.48366722,47,8,55,26,81,9,3,3,87,1929
281,2020-03-08 18:00:00,ITA,7,Liguria,44.41149315,8.9326992,39,11,50,17,67,25,5,6,78,401
282,2020-03-08 18:00:00,ITA,3,Lombardia,45.46679409,9.190347404,2217,399,2616,756,3372,630,550,267,4189,18534
283,2020-03-08 18:00:00,ITA,11,Marche,43.61675973,13.5188753,110,41,151,114,265,64,0,7,272,1025
284,2020-03-08 18:00:00,ITA,14,Molise,41.55774754,14.65916051,4,2,6,8,14,0,0,0,14,116
285,2020-03-08 18:00:00,ITA,1,Piemonte,45.0732745,7.680687483,245,45,290,65,355,153,0,5,360,1636
286,2020-03-08 18:00:00,ITA,16,Puglia,41.12559576,16.86736689,17,3,20,16,36,13,1,3,40,627
287,2020-03-08 18:00:00,ITA,20,Sardegna,39.21531192,9.110616306,5,0,5,6,11,6,0,0,11,149
288,2020-03-08 18:00:00,ITA,19,Sicilia,38.11569725,13.362356699999998,18,0,18,33,51,18,2,0,53,791
289,2020-03-08 18:00:00,ITA,9,Toscana,43.76923077,11.25588885,91,7,98,67,165,53,1,0,166,1618
290,2020-03-08 18:00:00,ITA,4,P.A. Trento,46.06893511,11.12123097,7,2,9,14,23,9,0,0,23,228
291,2020-03-08 18:00:00,ITA,10,Umbria,43.10675841,12.38824698,2,2,4,22,26,2,0,0,26,168
292,2020-03-08 18:00:00,ITA,2,Valle d'Aosta,45.73750286,7.320149366,1,0,1,8,9,1,0,0,9,41
293,2020-03-08 18:00:00,ITA,5,Veneto,45.43490485,12.33845213,146,47,193,430,623,118,29,18,670,15918
294,2020-03-09 18:00:00,ITA,13,Abruzzo,42.35122196,13.39843823,25,0,25,5,30,13,0,0,30,237
295,2020-03-09 18:00:00,ITA,17,Basilicata,40.63947052,15.80514834,2,0,2,3,5,1,0,0,5,135
296,2020-03-09 18:00:00,ITA,4,P.A. Bolzano,46.49933453,11.35662422,8,0,8,1,9,0,0,0,9,36
297,2020-03-09 18:00:00,ITA,18,Calabria,38.90597598,16.59440194,8,0,8,1,9,0,2,0,11,173
298,2020-03-09 18:00:00,ITA,15,Campania,40.83956555,14.25084984,42,8,50,69,119,19,1,0,120,980
299,2020-03-09 18:00:00,ITA,8,Emilia Romagna,44.49436681,11.341720800000001,576,90,666,620,1286,189,30,70,1386,4906
300,2020-03-09 18:00:00,ITA,6,Friuli Venezia Giulia,45.6494354,13.76813649,18,1,19,70,89,36,3,1,93,1344
301,2020-03-09 18:00:00,ITA,12,Lazio,41.89277044,12.48366722,55,8,63,31,94,13,3,5,102,1929
302,2020-03-09 18:00:00,ITA,7,Liguria,44.41149315,8.9326992,60,17,77,20,97,30,5,7,109,611
303,2020-03-09 18:00:00,ITA,3,Lombardia,45.46679409,9.190347404,2802,440,3242,1248,4490,1118,646,333,5469,20135
304,2020-03-09 18:00:00,ITA,11,Marche,43.61675973,13.5188753,136,47,183,130,313,48,0,10,323,1250
305,2020-03-09 18:00:00,ITA,14,Molise,41.55774754,14.65916051,4,2,6,8,14,0,0,0,14,212
306,2020-03-09 18:00:00,ITA,1,Piemonte,45.0732745,7.680687483,222,50,272,65,337,-18,0,13,350,1681
307,2020-03-09 18:00:00,ITA,16,Puglia,41.12559576,16.86736689,20,6,26,20,46,10,1,3,50,685
308,2020-03-09 18:00:00,ITA,20,Sardegna,39.21531192,9.110616306,8,0,8,11,19,8,0,0,19,185
309,2020-03-09 18:00:00,ITA,19,Sicilia,38.11569725,13.362356699999998,19,0,19,33,52,1,2,0,54,836
310,2020-03-09 18:00:00,ITA,9,Toscana,43.76923077,11.25588885,107,9,116,90,206,41,1,1,208,2018
311,2020-03-09 18:00:00,ITA,4,P.A. Trento,46.06893511,11.12123097,10,2,12,21,33,10,0,0,33,267
312,2020-03-09 18:00:00,ITA,10,Umbria,43.10675841,12.38824698,4,2,6,22,28,2,0,0,28,183
313,2020-03-09 18:00:00,ITA,2,Valle d'Aosta,45.73750286,7.320149366,4,0,4,11,15,6,0,0,15,67
314,2020-03-09 18:00:00,ITA,5,Veneto,45.43490485,12.33845213,186,51,237,457,694,71,30,20,744,15956
315,2020-03-10 18:00:00,ITA,13,Abruzzo,42.35122196,13.39843823,17,9,26,11,37,7,0,1,38,310
316,2020-03-10 18:00:00,ITA,17,Basilicata,40.63947052,15.80514834,2,0,2,5,7,2,0,0,7,148
317,2020-03-10 18:00:00,ITA,4,P.A. Bolzano,46.49933453,11.35662422,17,1,18,20,38,29,0,0,38,36
318,2020-03-10 18:00:00,ITA,18,Calabria,38.90597598,16.59440194,8,2,10,1,11,2,2,0,13,360
319,2020-03-10 18:00:00,ITA,15,Campania,40.83956555,14.25084984,33,8,41,85,126,7,1,0,127,1141
320,2020-03-10 18:00:00,ITA,8,Emilia Romagna,44.49436681,11.341720800000001,669,98,767,650,1417,131,31,85,1533,5494
321,2020-03-10 18:00:00,ITA,6,Friuli Venezia Giulia,45.6494354,13.76813649,27,6,33,77,110,21,3,3,116,1602
322,2020-03-10 18:00:00,ITA,12,Lazio,41.89277044,12.48366722,50,15,65,34,99,5,11,6,116,3591
323,2020-03-10 18:00:00,ITA,7,Liguria,44.41149315,8.9326992,57,29,86,42,128,31,5,8,141,694
324,2020-03-10 18:00:00,ITA,3,Lombardia,45.46679409,9.190347404,3319,466,3785,642,4427,-63,896,468,5791,21479
325,2020-03-10 18:00:00,ITA,11,Marche,43.61675973,13.5188753,152,54,206,175,381,68,0,13,394,1437
326,2020-03-10 18:00:00,ITA,14,Molise,41.55774754,14.65916051,3,3,6,9,15,1,0,0,15,225
327,2020-03-10 18:00:00,ITA,1,Piemonte,45.0732745,7.680687483,306,66,372,64,436,99,0,17,453,2374
328,2020-03-10 18:00:00,ITA,16,Puglia,41.12559576,16.86736689,28,6,34,21,55,9,1,3,59,747
329,2020-03-10 18:00:00,ITA,20,Sardegna,39.21531192,9.110616306,9,0,9,11,20,1,0,0,20,204
330,2020-03-10 18:00:00,ITA,19,Sicilia,38.11569725,13.362356699999998,17,2,19,41,60,8,2,0,62,955
331,2020-03-10 18:00:00,ITA,9,Toscana,43.76923077,11.25588885,91,40,131,129,260,54,3,1,264,2573
332,2020-03-10 18:00:00,ITA,4,P.A. Trento,46.06893511,11.12123097,19,3,22,28,50,17,2,0,52,399
333,2020-03-10 18:00:00,ITA,10,Umbria,43.10675841,12.38824698,8,2,10,27,37,9,0,0,37,260
334,2020-03-10 18:00:00,ITA,2,Valle d'Aosta,45.73750286,7.320149366,2,0,2,15,17,2,0,0,17,89
335,2020-03-10 18:00:00,ITA,5,Veneto,45.43490485,12.33845213,204,67,271,512,783,89,47,26,856,16643
336,2020-03-11 17:00:00,ITA,13,Abruzzo,42.35122196,13.39843823,17,9,26,11,37,0,0,1,38,310
337,2020-03-11 17:00:00,ITA,17,Basilicata,40.63947052,15.80514834,1,1,2,6,8,1,0,0,8,155
338,2020-03-11 17:00:00,ITA,4,P.A. Bolzano,46.49933453,11.35662422,8,4,12,63,75,37,0,0,75,75
339,2020-03-11 17:00:00,ITA,18,Calabria,38.90597598,16.59440194,10,2,12,5,17,6,2,0,19,405
340,2020-03-11 17:00:00,ITA,15,Campania,40.83956555,14.25084984,56,11,67,82,149,23,4,1,154,1375
341,2020-03-11 17:00:00,ITA,8,Emilia Romagna,44.49436681,11.341720800000001,745,104,849,739,1588,171,38,113,1739,6640
342,2020-03-11 17:00:00,ITA,6,Friuli Venezia Giulia,45.6494354,13.76813649,16,5,21,89,110,0,10,6,126,2073
343,2020-03-11 17:00:00,ITA,12,Lazio,41.89277044,12.48366722,67,18,85,40,125,26,19,6,150,3591
344,2020-03-11 17:00:00,ITA,7,Liguria,44.41149315,8.9326992,74,34,108,73,181,53,5,8,194,1025
345,2020-03-11 17:00:00,ITA,3,Lombardia,45.46679409,9.190347404,3852,560,4412,1351,5763,1336,900,617,7280,25629
346,2020-03-11 17:00:00,ITA,11,Marche,43.61675973,13.5188753,212,66,278,183,461,80,0,18,479,1656
347,2020-03-11 17:00:00,ITA,14,Molise,41.55774754,14.65916051,4,3,7,9,16,1,0,0,16,233
348,2020-03-11 17:00:00,ITA,1,Piemonte,45.0732745,7.680687483,319,75,394,86,480,44,0,21,501,2431
349,2020-03-11 17:00:00,ITA,16,Puglia,41.12559576,16.86736689,38,4,42,29,71,16,1,5,77,909
350,2020-03-11 17:00:00,ITA,20,Sardegna,39.21531192,9.110616306,10,0,10,27,37,17,0,0,37,283
351,2020-03-11 17:00:00,ITA,19,Sicilia,38.11569725,13.362356699999998,23,1,24,57,81,21,2,0,83,1194
352,2020-03-11 17:00:00,ITA,9,Toscana,43.76923077,11.25588885,87,54,141,173,314,54,5,1,320,2804
353,2020-03-11 17:00:00,ITA,4,P.A. Trento,46.06893511,11.12123097,28,4,32,42,74,24,3,0,77,527
354,2020-03-11 17:00:00,ITA,10,Umbria,43.10675841,12.38824698,7,5,12,32,44,7,2,0,46,340
355,2020-03-11 17:00:00,ITA,2,Valle d'Aosta,45.73750286,7.320149366,2,0,2,17,19,2,0,1,20,99
356,2020-03-11 17:00:00,ITA,5,Veneto,45.43490485,12.33845213,262,68,330,610,940,157,54,29,1023,21400
357,2020-03-12 17:00:00,ITA,13,Abruzzo,42.35122196,13.39843823,47,12,59,19,78,41,4,2,84,867
358,2020-03-12 17:00:00,ITA,17,Basilicata,40.63947052,15.80514834,1,1,2,6,8,0,0,0,8,155
359,2020-03-12 17:00:00,ITA,4,P.A. Bolzano,46.49933453,11.35662422,21,4,25,78,103,28,0,1,104,607
360,2020-03-12 17:00:00,ITA,18,Calabria,38.90597598,16.59440194,14,2,16,16,32,15,1,0,33,483
361,2020-03-12 17:00:00,ITA,15,Campania,40.83956555,14.25084984,56,11,67,107,174,25,4,1,179,1551
362,2020-03-12 17:00:00,ITA,8,Emilia Romagna,44.49436681,11.341720800000001,814,112,926,832,1758,170,43,146,1947,7600
363,2020-03-12 17:00:00,ITA,6,Friuli Venezia Giulia,45.6494354,13.76813649,23,10,33,115,148,38,11,8,167,2604
364,2020-03-12 17:00:00,ITA,12,Lazio,41.89277044,12.48366722,85,20,105,67,172,47,19,9,200,5592
365,2020-03-12 17:00:00,ITA,7,Liguria,44.41149315,8.9326992,100,36,136,107,243,62,20,11,274,1174
366,2020-03-12 17:00:00,ITA,3,Lombardia,45.46679409,9.190347404,4247,605,4852,2044,6896,1133,1085,744,8725,29534
367,2020-03-12 17:00:00,ITA,11,Marche,43.61675973,13.5188753,254,76,330,240,570,109,0,22,592,1907
368,2020-03-12 17:00:00,ITA,14,Molise,41.55774754,14.65916051,4,3,7,9,16,0,0,0,16,238
369,2020-03-12 17:00:00,ITA,1,Piemonte,45.0732745,7.680687483,368,97,465,89,554,74,0,26,580,2879
370,2020-03-12 17:00:00,ITA,16,Puglia,41.12559576,16.86736689,58,2,60,38,98,27,1,5,104,1269
371,2020-03-12 17:00:00,ITA,20,Sardegna,39.21531192,9.110616306,12,0,12,27,39,2,0,0,39,302
372,2020-03-12 17:00:00,ITA,19,Sicilia,38.11569725,13.362356699999998,28,5,33,78,111,30,2,2,115,1477
373,2020-03-12 17:00:00,ITA,9,Toscana,43.76923077,11.25588885,100,59,159,193,352,38,7,5,364,3165
374,2020-03-12 17:00:00,ITA,4,P.A. Trento,46.06893511,11.12123097,43,5,48,54,102,28,4,1,107,593
375,2020-03-12 17:00:00,ITA,10,Umbria,43.10675841,12.38824698,8,8,16,46,62,18,2,0,64,458
376,2020-03-12 17:00:00,ITA,2,Valle d'Aosta,45.73750286,7.320149366,7,0,7,19,26,7,0,1,27,118
377,2020-03-12 17:00:00,ITA,5,Veneto,45.43490485,12.33845213,360,85,445,852,1297,357,55,32,1384,23438
378,2020-03-13 17:00:00,ITA,13,Abruzzo,42.35122196,13.39843823,42,14,56,27,83,5,4,2,89,958
379,2020-03-13 17:00:00,ITA,17,Basilicata,40.63947052,15.80514834,1,1,2,8,10,2,0,0,10,155
380,2020-03-13 17:00:00,ITA,4,P.A. Bolzano,46.49933453,11.35662422,20,5,25,98,123,20,0,2,125,811
381,2020-03-13 17:00:00,ITA,18,Calabria,38.90597598,16.59440194,18,3,21,16,37,5,1,0,38,504
382,2020-03-13 17:00:00,ITA,15,Campania,40.83956555,14.25084984,60,19,79,134,213,39,5,2,220,1671
383,2020-03-13 17:00:00,ITA,8,Emilia Romagna,44.49436681,11.341720800000001,942,128,1070,941,2011,253,51,201,2263,8787
384,2020-03-13 17:00:00,ITA,6,Friuli Venezia Giulia,45.6494354,13.76813649,59,8,67,169,236,88,11,10,257,3149
385,2020-03-13 17:00:00,ITA,12,Lazio,41.89277044,12.48366722,122,24,146,96,242,70,24,11,277,6491
386,2020-03-13 17:00:00,ITA,7,Liguria,44.41149315,8.9326992,128,44,172,132,304,61,24,17,345,1442
387,2020-03-13 17:00:00,ITA,3,Lombardia,45.46679409,9.190347404,4435,650,5085,2647,7732,836,1198,890,9820,32700
388,2020-03-13 17:00:00,ITA,11,Marche,43.61675973,13.5188753,337,85,422,276,698,128,0,27,725,2218
389,2020-03-13 17:00:00,ITA,14,Molise,41.55774754,14.65916051,5,3,8,9,17,1,0,0,17,243
390,2020-03-13 17:00:00,ITA,1,Piemonte,45.0732745,7.680687483,556,135,691,103,794,240,0,46,840,3105
391,2020-03-13 17:00:00,ITA,16,Puglia,41.12559576,16.86736689,77,2,79,42,121,23,3,5,129,1449
392,2020-03-13 17:00:00,ITA,20,Sardegna,39.21531192,9.110616306,12,0,12,31,43,4,0,0,43,504
393,2020-03-13 17:00:00,ITA,19,Sicilia,38.11569725,13.362356699999998,37,7,44,82,126,15,2,2,130,1950
394,2020-03-13 17:00:00,ITA,9,Toscana,43.76923077,11.25588885,134,77,211,244,455,103,10,5,470,4049
395,2020-03-13 17:00:00,ITA,4,P.A. Trento,46.06893511,11.12123097,58,6,64,93,157,55,4,2,163,846
396,2020-03-13 17:00:00,ITA,10,Umbria,43.10675841,12.38824698,11,10,21,52,73,11,2,1,76,576
397,2020-03-13 17:00:00,ITA,2,Valle d'Aosta,45.73750286,7.320149366,6,0,6,21,27,1,0,1,28,189
398,2020-03-13 17:00:00,ITA,5,Veneto,45.43490485,12.33845213,366,107,473,980,1453,156,100,42,1595,25691
399,2020-03-14 17:00:00,ITA,13,Abruzzo,42.35122196,13.39843823,51,14,65,41,106,23,4,2,112,1232
400,2020-03-14 17:00:00,ITA,17,Basilicata,40.63947052,15.80514834,0,2,2,8,10,0,0,0,10,155
401,2020-03-14 17:00:00,ITA,4,P.A. Bolzano,46.49933453,11.35662422,26,7,33,137,170,47,0,3,173,1135
402,2020-03-14 17:00:00,ITA,18,Calabria,38.90597598,16.59440194,22,4,26,33,59,22,1,0,60,711
403,2020-03-14 17:00:00,ITA,15,Campania,40.83956555,14.25084984,72,17,89,154,243,30,23,6,272,1936
404,2020-03-14 17:00:00,ITA,8,Emilia Romagna,44.49436681,11.341720800000001,1076,152,1228,1121,2349,338,54,241,2644,10043
405,2020-03-14 17:00:00,ITA,6,Friuli Venezia Giulia,45.6494354,13.76813649,67,11,78,193,271,35,17,13,301,3376
406,2020-03-14 17:00:00,ITA,12,Lazio,41.89277044,12.48366722,181,25,206,114,320,78,24,13,357,7335
407,2020-03-14 17:00:00,ITA,7,Liguria,44.41149315,8.9326992,213,62,275,109,384,80,52,27,463,1750
408,2020-03-14 17:00:00,ITA,3,Lombardia,45.46679409,9.190347404,4898,732,5630,3429,9059,1327,1660,966,11685,37138
409,2020-03-14 17:00:00,ITA,11,Marche,43.61675973,13.5188753,449,93,542,321,863,165,0,36,899,2561
410,2020-03-14 17:00:00,ITA,14,Molise,41.55774754,14.65916051,5,3,8,9,17,0,0,0,17,247
411,2020-03-14 17:00:00,ITA,1,Piemonte,45.0732745,7.680687483,538,150,688,126,814,20,0,59,873,3680
412,2020-03-14 17:00:00,ITA,16,Puglia,41.12559576,16.86736689,91,6,97,59,156,35,2,8,166,1681
413,2020-03-14 17:00:00,ITA,20,Sardegna,39.21531192,9.110616306,14,0,14,33,47,4,0,0,47,530
414,2020-03-14 17:00:00,ITA,19,Sicilia,38.11569725,13.362356699999998,42,11,53,97,150,24,4,2,156,2100
415,2020-03-14 17:00:00,ITA,9,Toscana,43.76923077,11.25588885,160,87,247,367,614,159,10,6,630,4595
416,2020-03-14 17:00:00,ITA,4,P.A. Trento,46.06893511,11.12123097,68,12,80,119,199,42,5,2,206,1006
417,2020-03-14 17:00:00,ITA,10,Umbria,43.10675841,12.38824698,21,11,32,71,103,30,3,1,107,748
418,2020-03-14 17:00:00,ITA,2,Valle d'Aosta,45.73750286,7.320149366,12,0,12,29,41,14,0,1,42,231
419,2020-03-14 17:00:00,ITA,5,Veneto,45.43490485,12.33845213,366,119,485,1290,1775,322,107,55,1937,26980
